packet_length,src_port,dst_port,protocol,timestamp
212,55592,1900,17,1741910940.1397078
179,62252,1900,17,1741910940.2667499
86,57621,57621,17,1741910940.4020205
167,46127,1900,17,1741910941.1375937
80,52449,53,17,1741910941.2687461
122,53,52449,17,1741910941.2886002
80,52449,53,17,1741910941.3057792
122,53,52449,17,1741910941.3094678
66,57042,443,6,1741910941.321887
66,443,57042,6,1741910941.3238823
54,57042,443,6,1741910941.3258767
354,57042,443,6,1741910941.3283362
54,443,57042,6,1741910941.3297932
1466,443,57042,6,1741910941.356496
1514,443,57042,6,1741910941.358491
702,443,57042,6,1741910941.3596995
54,57042,443,6,1741910941.3652868
134,57042,443,6,1741910941.3759158
706,443,57042,6,1741910941.3819072
134,57042,443,6,1741910941.4080343
160,57042,443,6,1741910941.4103014
85,57042,443,6,1741910941.4103014
54,443,57042,6,1741910941.4103014
85,443,57042,6,1741910941.4103014
54,57042,443,6,1741910941.4551406
336,65165,21027,17,1741910941.580709
652,443,57042,6,1741910941.6742198
93,443,57042,6,1741910941.6766276
54,57042,443,6,1741910941.6779635
93,57042,443,6,1741910941.6799572
54,57042,443,6,1741910941.6819522
60,443,57042,6,1741910941.68403
54,57042,443,6,1741910941.6852021
78,52449,53,17,1741910941.7264225
185,53,52449,17,1741910941.7387204
78,52449,53,17,1741910941.7427926
185,53,52449,17,1741910941.7461498
66,57043,80,6,1741910941.747377
66,80,57043,6,1741910941.7483988
54,57043,80,6,1741910941.749431
237,57043,80,6,1741910941.7504594
54,80,57043,6,1741910941.751478
522,80,57043,6,1741910941.916623
79,52449,53,17,1741910941.9476073
242,57043,80,6,1741910941.9530158
54,80,57043,6,1741910941.9530158
164,53,52449,17,1741910941.9530158
66,57044,443,6,1741910941.9599845
66,443,57044,6,1741910941.9609892
54,57044,443,6,1741910941.961985
256,57044,443,6,1741910941.9629815
54,443,57044,6,1741910941.9651153
1466,443,57044,6,1741910941.986301
1514,443,57044,6,1741910941.9865193
1514,443,57044,6,1741910941.9865193
498,443,57044,6,1741910941.9865193
54,57044,443,6,1741910941.9865193
147,57044,443,6,1741910941.996893
523,80,57043,6,1741910941.9978964
365,443,57044,6,1741910942.0038812
123,443,57044,6,1741910942.0058796
54,57044,443,6,1741910942.0078697
66,57045,443,6,1741910942.011867
141,57044,443,6,1741910942.013853
152,57044,443,6,1741910942.0148554
92,57044,443,6,1741910942.0158474
296,57044,443,6,1741910942.0186262
54,443,57044,6,1741910942.0198622
54,443,57044,6,1741910942.0198622
66,443,57045,6,1741910942.0198622
54,57045,443,6,1741910942.0198622
352,57045,443,6,1741910942.0198622
54,443,57045,6,1741910942.0198622
92,443,57044,6,1741910942.0198622
54,57043,80,6,1741910942.0452302
54,57044,443,6,1741910942.0600164
1514,443,57045,6,1741910942.1071775
1514,443,57045,6,1741910942.1071775
398,443,57045,6,1741910942.1201587
54,57045,443,6,1741910942.1201587
134,57045,443,6,1741910942.129706
54,443,57045,6,1741910942.1318922
264,57045,443,6,1741910942.1362908
54,443,57045,6,1741910942.1367164
341,443,57045,6,1741910942.1702156
341,443,57045,6,1741910942.1702156
54,57045,443,6,1741910942.1702156
547,443,57045,6,1741910942.1702156
239,57043,80,6,1741910942.2034857
54,80,57043,6,1741910942.2034857
54,57045,443,6,1741910942.2199206
284,443,57044,6,1741910942.236782
100,443,57044,6,1741910942.2430933
54,57044,443,6,1741910942.2441218
100,57044,443,6,1741910942.245305
54,57044,443,6,1741910942.246434
60,443,57044,6,1741910942.2483237
54,57044,443,6,1741910942.2483237
1514,80,57043,6,1741910942.2483237
1514,80,57043,6,1741910942.2519
1514,80,57043,6,1741910942.2535036
1514,80,57043,6,1741910942.2535036
1514,80,57043,6,1741910942.2535036
570,80,57043,6,1741910942.2535036
54,57043,80,6,1741910942.2535036
239,57043,80,6,1741910942.2947354
54,80,57043,6,1741910942.2958186
1514,80,57043,6,1741910942.3870628
1514,80,57043,6,1741910942.3870628
1514,80,57043,6,1741910942.3870628
1514,80,57043,6,1741910942.3870628
54,57043,80,6,1741910942.3870628
1514,80,57043,6,1741910942.3870628
1514,80,57043,6,1741910942.3998804
54,57043,80,6,1741910942.4009478
1514,80,57043,6,1741910942.4032795
1514,80,57043,6,1741910942.4044173
54,57043,80,6,1741910942.405426
1514,80,57043,6,1741910942.406516
1514,80,57043,6,1741910942.4076009
1514,80,57043,6,1741910942.4098089
1514,80,57043,6,1741910942.411896
54,57043,80,6,1741910942.4141884
1514,80,57043,6,1741910942.415553
1514,80,57043,6,1741910942.4170856
1514,80,57043,6,1741910942.4185529
1514,80,57043,6,1741910942.4205801
54,57043,80,6,1741910942.4215767
1514,80,57043,6,1741910942.4225745
1514,80,57043,6,1741910942.4245684
1514,80,57043,6,1741910942.4260473
1514,80,57043,6,1741910942.427053
1514,80,57043,6,1741910942.4294472
1514,80,57043,6,1741910942.4304535
1514,80,57043,6,1741910942.431786
1514,80,57043,6,1741910942.4357386
1514,80,57043,6,1741910942.4370127
1514,80,57043,6,1741910942.438414
54,57043,80,6,1741910942.43942
1514,80,57043,6,1741910942.4408174
1514,80,57043,6,1741910942.4419317
54,57043,80,6,1741910942.4444478
1514,80,57043,6,1741910942.4456344
1514,80,57043,6,1741910942.4489357
1514,80,57043,6,1741910942.4499543
1514,80,57043,6,1741910942.4520586
54,57043,80,6,1741910942.4535384
1514,80,57043,6,1741910942.4545343
1514,80,57043,6,1741910942.4565287
54,57043,80,6,1741910942.4575267
1514,80,57043,6,1741910942.4602163
1514,80,57043,6,1741910942.4613822
1514,80,57043,6,1741910942.4638867
54,57043,80,6,1741910942.4649153
1514,80,57043,6,1741910942.46629
1514,80,57043,6,1741910942.4674692
54,57043,80,6,1741910942.4685678
1514,80,57043,6,1741910942.4698892
1514,80,57043,6,1741910942.4722357
1514,80,57043,6,1741910942.473268
1514,80,57043,6,1741910942.47445
54,57043,80,6,1741910942.476988
1514,80,57043,6,1741910942.4780085
1514,80,57043,6,1741910942.4806345
1514,80,57043,6,1741910942.4806345
1514,80,57043,6,1741910942.4806345
54,57043,80,6,1741910942.4806345
1514,80,57043,6,1741910942.4862454
1514,80,57043,6,1741910942.4872842
1514,80,57043,6,1741910942.4893966
54,57043,80,6,1741910942.490416
1514,80,57043,6,1741910942.4914813
1514,80,57043,6,1741910942.4941485
1514,80,57043,6,1741910942.4959273
54,57043,80,6,1741910942.4969559
1514,80,57043,6,1741910942.4983647
54,57043,80,6,1741910942.4993706
1514,80,57043,6,1741910942.5004714
1514,80,57043,6,1741910942.5025034
1514,80,57043,6,1741910942.5036578
1514,80,57043,6,1741910942.504824
54,57043,80,6,1741910942.5060961
1514,80,57043,6,1741910942.5071018
1514,80,57043,6,1741910942.5081625
54,57043,80,6,1741910942.5091705
1514,80,57043,6,1741910942.5101745
1514,80,57043,6,1741910942.5123053
1514,80,57043,6,1741910942.5123053
1514,80,57043,6,1741910942.5135813
1514,80,57043,6,1741910942.5157516
1514,80,57043,6,1741910942.5169392
54,57043,80,6,1741910942.5169392
1514,80,57043,6,1741910942.5184097
1514,80,57043,6,1741910942.5196645
1514,80,57043,6,1741910942.521679
1514,80,57043,6,1741910942.523059
54,57043,80,6,1741910942.523059
1514,80,57043,6,1741910942.5242915
1514,80,57043,6,1741910942.5253024
1514,80,57043,6,1741910942.5266242
1514,80,57043,6,1741910942.527731
54,57043,80,6,1741910942.5301266
1514,80,57043,6,1741910942.5301266
1514,80,57043,6,1741910942.5315628
1514,80,57043,6,1741910942.5325665
1514,80,57043,6,1741910942.5336611
54,57043,80,6,1741910942.5348277
1514,80,57043,6,1741910942.537326
1514,80,57043,6,1741910942.5383332
1514,80,57043,6,1741910942.5393372
1514,80,57043,6,1741910942.5406604
1514,80,57043,6,1741910942.5418496
54,57043,80,6,1741910942.5428543
1514,80,57043,6,1741910942.5455208
1514,80,57043,6,1741910942.546527
1514,80,57043,6,1741910942.5486271
1514,80,57043,6,1741910942.5496237
1514,80,57043,6,1741910942.550785
54,57043,80,6,1741910942.5534885
1514,80,57043,6,1741910942.55585
232,80,57043,6,1741910942.557882
54,57043,80,6,1741910942.557882
66,57046,443,6,1741910942.5598857
66,443,57046,6,1741910942.561115
54,57046,443,6,1741910942.562167
256,57046,443,6,1741910942.563217
54,443,57046,6,1741910942.563217
1466,443,57046,6,1741910942.5654116
1514,443,57046,6,1741910942.5654116
1514,443,57046,6,1741910942.5654116
498,443,57046,6,1741910942.5685222
54,57046,443,6,1741910942.570057
147,57046,443,6,1741910942.570057
365,443,57046,6,1741910942.570057
123,443,57046,6,1741910942.570057
54,57046,443,6,1741910942.570057
141,57046,443,6,1741910942.5777445
152,57046,443,6,1741910942.5787737
92,57046,443,6,1741910942.5801356
333,57046,443,6,1741910942.5801356
54,443,57046,6,1741910942.5816088
54,443,57046,6,1741910942.5832877
92,443,57046,6,1741910942.5852041
54,57046,443,6,1741910942.586483
222,443,57046,6,1741910942.7370467
162,443,57046,6,1741910942.739079
54,57046,443,6,1741910942.739079
100,57046,443,6,1741910942.7404313
54,57046,443,6,1741910942.7416382
60,443,57046,6,1741910942.7429516
54,57046,443,6,1741910942.7440653
66,57047,443,6,1741910942.7452528
66,443,57047,6,1741910942.7462568
54,57047,443,6,1741910942.747607
256,57047,443,6,1741910942.7487242
54,443,57047,6,1741910942.749973
1466,443,57047,6,1741910942.7640417
1514,443,57047,6,1741910942.7675824
1514,443,57047,6,1741910942.769734
498,443,57047,6,1741910942.7709727
54,57047,443,6,1741910942.772149
147,57047,443,6,1741910942.773227
365,443,57047,6,1741910942.7775254
123,443,57047,6,1741910942.778794
54,57047,443,6,1741910942.779867
141,57047,443,6,1741910942.7831144
152,57047,443,6,1741910942.7843742
92,57047,443,6,1741910942.7856162
296,57047,443,6,1741910942.7880967
54,443,57047,6,1741910942.7891068
54,443,57047,6,1741910942.7903185
92,443,57047,6,1741910942.7903185
54,57047,443,6,1741910942.8376925
418,63589,445,6,1741910942.999201
298,445,63589,6,1741910943.003789
146,63589,445,6,1741910943.005949
182,445,63589,6,1741910943.0070558
284,443,57047,6,1741910943.0137374
100,443,57047,6,1741910943.0149376
54,57047,443,6,1741910943.0160534
100,57047,443,6,1741910943.0170603
54,57047,443,6,1741910943.0181355
60,443,57047,6,1741910943.020475
54,57047,443,6,1741910943.020475
54,57043,80,6,1741910943.026378
54,57045,443,6,1741910943.028982
54,63589,445,6,1741910943.0565522
332,443,53438,6,1741910943.096693
126,53438,443,6,1741910943.1028466
54,443,53438,6,1741910943.1048472
78,52449,53,17,1741910943.5170605
137,53,52449,17,1741910943.5203435
243,138,138,17,1741910943.6644578
92,58266,137,17,1741910943.6694791
55,63694,443,6,1741910943.9975643
66,443,63694,6,1741910943.9975643
66,57048,443,6,1741910944.1844966
66,443,57048,6,1741910944.186582
54,57048,443,6,1741910944.1885355
1514,57048,443,6,1741910944.1895342
389,57048,443,6,1741910944.1905284
54,443,57048,6,1741910944.1925242
54,443,57048,6,1741910944.1935217
1466,443,57048,6,1741910944.3249102
1514,443,57048,6,1741910944.3249102
1514,443,57048,6,1741910944.340498
1514,443,57048,6,1741910944.340498
54,57048,443,6,1741910944.340498
1514,443,57048,6,1741910944.3452644
489,443,57048,6,1741910944.347265
118,57048,443,6,1741910944.3482645
300,57048,443,6,1741910944.3492603
54,443,57048,6,1741910944.3512535
54,443,57048,6,1741910944.3532493
591,443,57048,6,1741910944.421509
143,443,57048,6,1741910944.421509
88,443,57048,6,1741910944.421509
54,57048,443,6,1741910944.4284525
66,57051,8886,6,1741910945.5245407
66,57050,8886,6,1741910945.5255995
66,57053,8886,6,1741910945.526667
66,57052,8886,6,1741910945.5277934
66,57055,8886,6,1741910945.528298
66,57054,8886,6,1741910945.5299652
66,57049,8886,6,1741910945.5304723
66,57056,8886,6,1741910945.5314734
66,57057,8886,6,1741910945.53247
66,57058,8886,6,1741910945.533468
66,57059,8886,6,1741910945.534465
70,0,0,1,1741910945.5406148
66,57061,8886,6,1741910945.592671
66,57060,8886,6,1741910945.5936735
66,57063,8886,6,1741910945.6241755
66,57062,8886,6,1741910945.6251795
66,57064,8886,6,1741910945.6271782
66,57065,8886,6,1741910945.628169
217,49293,1900,17,1741910945.629167
177,17500,17500,17,1741910945.7248013
177,17500,17500,17,1741910945.742794
177,17500,17500,17,1741910945.743791
177,17500,17500,17,1741910945.744789
177,17500,17500,17,1741910945.7457857
177,17500,17500,17,1741910945.747065
55,63697,443,6,1741910945.839805
66,443,63697,6,1741910945.840803
82,5353,5353,17,1741910946.272067
103,5353,5353,17,1741910946.2750592
66,57050,8886,6,1741910946.536019
66,57052,8886,6,1741910946.5369735
66,57049,8886,6,1741910946.5380056
66,57054,8886,6,1741910946.5389698
66,57051,8886,6,1741910946.5399656
66,57055,8886,6,1741910946.5399656
66,57058,8886,6,1741910946.5419617
66,57057,8886,6,1741910946.542958
66,57056,8886,6,1741910946.5439558
66,57059,8886,6,1741910946.5459495
66,57053,8886,6,1741910946.546947
66,57060,8886,6,1741910946.6053348
66,57061,8886,6,1741910946.606333
66,57062,8886,6,1741910946.6279733
66,57063,8886,6,1741910946.6288557
66,57064,8886,6,1741910946.6288557
66,57065,8886,6,1741910946.6288557
217,49293,1900,17,1741910946.6418931
93,443,56964,6,1741910946.8425837
124,56964,443,6,1741910946.8523643
54,443,56964,6,1741910946.8553522
85,443,57041,6,1741910946.9234693
60,443,57041,6,1741910946.9234693
54,57041,443,6,1741910946.9234693
87,5353,5353,17,1741910947.164189
103,5353,5353,17,1741910947.2738888
167,58888,1900,17,1741910947.515211
217,49293,1900,17,1741910947.6514904
103,5353,5353,17,1741910948.291835
78,52449,53,17,1741910948.5199542
137,53,52449,17,1741910948.525142
86,57621,57621,17,1741910948.5401142
66,57056,8886,6,1741910948.5521052
66,57054,8886,6,1741910948.5530996
66,57049,8886,6,1741910948.5540967
66,57051,8886,6,1741910948.555094
66,57053,8886,6,1741910948.5560913
66,57050,8886,6,1741910948.5580866
66,57058,8886,6,1741910948.5590835
66,57059,8886,6,1741910948.5600827
66,57052,8886,6,1741910948.5610783
66,57055,8886,6,1741910948.5620751
66,57057,8886,6,1741910948.562969
66,57060,8886,6,1741910948.6070473
66,57061,8886,6,1741910948.6070473
66,57062,8886,6,1741910948.637412
66,57063,8886,6,1741910948.6384127
66,57064,8886,6,1741910948.63941
66,57065,8886,6,1741910948.6404047
217,49293,1900,17,1741910948.66508
175,52646,1900,17,1741910949.622623
175,52654,1900,17,1741910949.622623
234,5353,5353,17,1741910951.2944334
93,5353,5353,17,1741910951.2944334
93,5353,5353,17,1741910951.4977326
93,5353,5353,17,1741910951.7739153
299,5353,5353,17,1741910952.0288882
235,5353,5353,17,1741910952.0445125
88,52449,53,17,1741910952.2113783
88,52449,53,17,1741910952.2465298
454,53,52449,17,1741910952.2575006
66,57066,443,6,1741910952.2594953
66,443,57066,6,1741910952.2604933
54,57066,443,6,1741910952.2614892
571,57066,443,6,1741910952.2624896
54,443,57066,6,1741910952.2634842
454,53,52449,17,1741910952.3183618
66,57055,8886,6,1741910952.5757527
66,57049,8886,6,1741910952.5757527
66,57056,8886,6,1741910952.5757527
66,57053,8886,6,1741910952.5757527
66,57052,8886,6,1741910952.5757527
66,57051,8886,6,1741910952.5757527
66,57054,8886,6,1741910952.5830312
66,57050,8886,6,1741910952.5840352
66,57058,8886,6,1741910952.585032
66,57059,8886,6,1741910952.5860293
66,57057,8886,6,1741910952.5870256
70,0,0,1,1741910952.5890217
66,57060,8886,6,1741910952.6172283
66,57061,8886,6,1741910952.6182308
66,57062,8886,6,1741910952.6516078
66,57064,8886,6,1741910952.6533992
66,57063,8886,6,1741910952.6553822
66,57065,8886,6,1741910952.656376
103,5353,5353,17,1741910952.7640228
153,443,57066,6,1741910952.9647489
487,57066,443,6,1741910952.9647489
54,443,57066,6,1741910952.9647489
418,63589,445,6,1741910953.0181534
298,445,63589,6,1741910953.0181534
146,63589,445,6,1741910953.0181534
182,445,63589,6,1741910953.0270734
54,63589,445,6,1741910953.068167
1514,443,57066,6,1741910953.1349604
1514,443,57066,6,1741910953.1349604
1514,443,57066,6,1741910953.1349604
82,443,57066,6,1741910953.1349604
54,57066,443,6,1741910953.1349604
695,57066,443,6,1741910953.1505144
54,443,57066,6,1741910953.1515176
157,443,57066,6,1741910953.3125732
553,443,57066,6,1741910953.3135684
81,443,57066,6,1741910953.3145635
60,443,57066,6,1741910953.315561
54,57066,443,6,1741910953.3165581
78,57066,443,6,1741910953.3185537
54,57066,443,6,1741910953.3195524
60,443,57066,6,1741910953.3205495
60,443,57066,6,1741910953.321547
164,49810,1900,17,1741910953.482475
78,54477,53,17,1741910953.5244253
137,53,54477,17,1741910953.5267687
212,53797,1900,17,1741910954.2394767
212,53797,1900,17,1741910955.2444184
86,57621,57621,17,1741910955.3470943
164,47600,1900,17,1741910955.380095
212,53797,1900,17,1741910956.2476945
92,137,137,17,1741910956.5416763
124,53438,443,6,1741910956.5892203
60,443,53438,6,1741910956.5892203
92,137,137,17,1741910956.6257346
216,138,138,17,1741910956.6277275
92,137,137,17,1741910956.6395154
73,54477,53,17,1741910956.8069882
133,53,54477,17,1741910956.8099809
109,54477,53,17,1741910956.812974
212,53,54477,17,1741910956.8219507
66,57067,443,6,1741910956.8239458
66,443,57067,6,1741910956.824998
54,57067,443,6,1741910956.824998
383,57067,443,6,1741910956.82849
54,443,57067,6,1741910956.8294995
126,443,53438,6,1741910956.8404644
54,53438,443,6,1741910956.8851511
212,53797,1900,17,1741910957.2500253
92,137,137,17,1741910957.2978985
92,137,137,17,1741910957.341381
164,44115,1900,17,1741910957.3872561
1514,443,57067,6,1741910957.3900387
1514,443,57067,6,1741910957.394237
406,443,57067,6,1741910957.3952382
118,57067,443,6,1741910957.3982298
54,443,57067,6,1741910957.4002273
255,57067,443,6,1741910957.4300923
54,443,57067,6,1741910957.433266
233,443,57067,6,1741910957.6726005
429,443,57067,6,1741910957.7112303
54,57067,443,6,1741910957.7122226
718,57067,443,6,1741910957.7142165
54,443,57067,6,1741910957.715217
396,443,57067,6,1741910957.998713
54,57067,443,6,1741910958.0386052
92,137,137,17,1741910958.0498374
167,45419,1900,17,1741910958.1375213
92,137,137,17,1741910958.156701
78,54477,53,17,1741910958.5131419
137,53,54477,17,1741910958.5131419
86,57621,57621,17,1741910958.6956513
167,44316,1900,17,1741910959.2788157
117,5353,5353,17,1741910959.5595376
167,41193,1900,17,1741910960.1524606
66,57068,8886,6,1741910960.531744
66,57070,8886,6,1741910960.5328054
66,57071,8886,6,1741910960.5338764
66,57072,8886,6,1741910960.5349376
66,57073,8886,6,1741910960.5359936
66,57074,8886,6,1741910960.537605
66,57075,8886,6,1741910960.5386076
66,57069,8886,6,1741910960.540605
66,57076,8886,6,1741910960.5416012
82,62502,53,17,1741910960.5425968
70,0,0,1,1741910960.5440898
98,53,62502,17,1741910960.5440898
66,57077,8886,6,1741910960.5485637
66,57078,8886,6,1741910960.549567
66,57079,53,6,1741910960.5858798
66,57080,53,6,1741910960.5858798
66,53,57079,6,1741910960.5858798
66,53,57080,6,1741910960.5858798
54,57079,53,6,1741910960.593777
54,57080,53,6,1741910960.5947778
90,57080,53,6,1741910960.5957763
90,57079,53,6,1741910960.5967724
1514,63697,443,6,1741910960.5987675
1514,63697,443,6,1741910960.599765
1514,63697,443,6,1741910960.6023848
1514,63697,443,6,1741910960.603919
1177,63697,443,6,1741910960.6049178
60,443,63697,6,1741910960.6069102
60,443,63697,6,1741910960.6079075
60,443,63697,6,1741910960.608905
60,443,63697,6,1741910960.6099107
60,443,63697,6,1741910960.6109
193,53,57079,6,1741910960.6122055
234,53,57080,6,1741910960.6188478
54,57080,53,6,1741910960.620846
54,57079,53,6,1741910960.621846
93,443,63697,6,1741910960.6224537
60,53,57080,6,1741910960.6224537
60,53,57080,6,1741910960.6224537
60,53,57079,6,1741910960.6224537
60,53,57079,6,1741910960.62682
54,57080,53,6,1741910960.6278243
54,57079,53,6,1741910960.6288192
66,57081,8886,6,1741910960.6298208
66,57082,8886,6,1741910960.6308136
66,57083,8886,6,1741910960.6334045
66,57085,8886,6,1741910960.6345503
66,57086,8886,6,1741910960.635588
66,57084,8886,6,1741910960.6377378
54,63697,443,6,1741910960.6505914
231,443,63697,6,1741910960.828651
54,63697,443,6,1741910960.883896
179,58050,1900,17,1741910961.0906675
54,63593,443,6,1741910961.341248
60,443,63593,6,1741910961.341248
54,63593,443,6,1741910961.341248
54,63593,443,6,1741910961.341248
66,57071,8886,6,1741910961.534065
66,57075,8886,6,1741910961.5350614
66,57076,8886,6,1741910961.5360563
66,57074,8886,6,1741910961.5370548
66,57068,8886,6,1741910961.5380547
66,57070,8886,6,1741910961.5380547
66,57073,8886,6,1741910961.5400474
66,57069,8886,6,1741910961.541047
66,57072,8886,6,1741910961.542042
66,57077,8886,6,1741910961.5504005
66,57078,8886,6,1741910961.551398
66,57081,8886,6,1741910961.6180127
66,57082,8886,6,1741910961.6180127
66,57083,8886,6,1741910961.6337655
66,57086,8886,6,1741910961.6347628
66,57085,8886,6,1741910961.6357582
66,57084,8886,6,1741910961.6493664
87,5353,5353,17,1741910961.8049295
93,443,56964,6,1741910961.8348298
124,56964,443,6,1741910961.838485
54,443,56964,6,1741910961.8409016
167,49969,1900,17,1741910962.1660395
418,63589,445,6,1741910963.0600092
298,445,63589,6,1741910963.0600092
146,63589,445,6,1741910963.0600092
182,445,63589,6,1741910963.0600092
54,63589,445,6,1741910963.1159203
78,62502,53,17,1741910963.5144901
137,53,62502,17,1741910963.5144901
66,57068,8886,6,1741910963.536869
66,57072,8886,6,1741910963.5378377
66,57071,8886,6,1741910963.538838
66,57070,8886,6,1741910963.5398357
66,57076,8886,6,1741910963.5408356
66,57069,8886,6,1741910963.5418298
66,57074,8886,6,1741910963.5418298
66,57073,8886,6,1741910963.5438251
66,57075,8886,6,1741910963.5439572
66,57077,8886,6,1741910963.5519211
66,57078,8886,6,1741910963.552923
66,57081,8886,6,1741910963.6183176
66,57082,8886,6,1741910963.6183176
66,57083,8886,6,1741910963.63482
66,57086,8886,6,1741910963.6358216
66,57085,8886,6,1741910963.6514227
66,57084,8886,6,1741910963.652412
179,58050,1900,17,1741910964.1533413
167,59819,1900,17,1741910964.5376198
66,57087,443,6,1741910964.5591471
66,443,57087,6,1741910964.5611684
54,57087,443,6,1741910964.56217
571,57087,443,6,1741910964.5631676
54,443,57087,6,1741910964.5651627
153,443,57087,6,1741910965.0210726
450,57087,443,6,1741910965.0210726
54,443,57087,6,1741910965.0210726
87,5353,5353,17,1741910965.1802182
1514,443,57087,6,1741910965.259957
1514,443,57087,6,1741910965.2609532
1514,443,57087,6,1741910965.2629473
1514,443,57087,6,1741910965.2639477
624,443,57087,6,1741910965.2659426
78,57087,443,6,1741910965.2669668
54,57087,443,6,1741910965.2679343
54,443,57087,6,1741910965.2689314
60,443,57087,6,1741910965.2699282
54,57087,443,6,1741910965.2718973
83,58620,53,17,1741910965.79668
227,53,58620,17,1741910965.8126574
66,57088,80,6,1741910965.8199885
66,80,57088,6,1741910965.820986
54,57088,80,6,1741910965.8229818
165,57088,80,6,1741910965.8251417
54,80,57088,6,1741910965.826139
301,80,57088,6,1741910965.9028993
60,80,57088,6,1741910965.9039023
54,57088,80,6,1741910965.9073446
54,57088,80,6,1741910965.9084592
54,57088,80,6,1741910965.909468
54,80,57088,6,1741910965.9115527
167,51035,1900,17,1741910966.5112946
55,63667,443,6,1741910967.059107
66,443,63667,6,1741910967.0601385
179,58050,1900,17,1741910967.091364
66,57070,8886,6,1741910967.5386863
66,57068,8886,6,1741910967.5397673
66,57072,8886,6,1741910967.5397673
66,57073,8886,6,1741910967.5397673
66,57069,8886,6,1741910967.545111
66,57076,8886,6,1741910967.5461524
66,57071,8886,6,1741910967.5475655
66,57074,8886,6,1741910967.5487916
66,57075,8886,6,1741910967.5535548
66,57077,8886,6,1741910967.5547683
66,57078,8886,6,1741910967.5570533
66,57082,8886,6,1741910967.6217587
66,57081,8886,6,1741910967.6217587
66,57083,8886,6,1741910967.6384919
66,57086,8886,6,1741910967.6395373
66,57085,8886,6,1741910967.6520498
66,57084,8886,6,1741910967.653081
87,5353,5353,17,1741910968.0136843
212,54199,6646,17,1741910968.0871093
167,53515,1900,17,1741910968.3552167
103,5353,5353,17,1741910968.3697398
78,62502,53,17,1741910968.5193381
66,57089,443,6,1741910968.536954
78,62502,53,17,1741910968.5552466
137,53,62502,17,1741910968.7885957
66,57090,443,6,1741910968.8037944
66,443,57090,6,1741910968.8078308
54,57090,443,6,1741910968.8100994
571,57090,443,6,1741910968.8111198
54,443,57090,6,1741910968.8225517
153,443,57090,6,1741910969.2905738
450,57090,443,6,1741910969.2905738
54,443,57090,6,1741910969.2905738
55,57010,443,6,1741910969.4521036
66,443,57010,6,1741910969.4553943
1514,443,57090,6,1741910969.5399778
1514,443,57090,6,1741910969.5413115
1514,443,57090,6,1741910969.5435765
1514,443,57090,6,1741910969.5446622
624,443,57090,6,1741910969.5458033
78,57090,443,6,1741910969.5469
54,57090,443,6,1741910969.5492537
66,57089,443,6,1741910969.55234
54,443,57090,6,1741910969.5536983
60,443,57090,6,1741910969.5551686
54,57090,443,6,1741910969.5573509
66,443,57089,6,1741910969.5583713
54,57089,443,6,1741910969.5593674
571,57089,443,6,1741910969.5616279
54,443,57089,6,1741910969.5629282
55,57018,443,6,1741910969.7141068
66,443,57018,6,1741910969.7141068
153,443,57089,6,1741910970.0317426
450,57089,443,6,1741910970.0317426
54,443,57089,6,1741910970.0475764
60,443,63584,6,1741910970.1175077
54,63584,443,6,1741910970.1175077
167,44191,1900,17,1741910970.172369
100,5353,5353,17,1741910970.250321
1514,443,57089,6,1741910970.2839637
1514,443,57089,6,1741910970.2889864
1514,443,57089,6,1741910970.2900178
1514,443,57089,6,1741910970.2920885
624,443,57089,6,1741910970.2930942
78,57089,443,6,1741910970.2949865
54,57089,443,6,1741910970.2949865
167,43035,1900,17,1741910970.2982798
54,443,57089,6,1741910970.3002825
60,443,57089,6,1741910970.3014069
54,57089,443,6,1741910970.3024168
60,443,63582,6,1741910970.4408035
78,443,63582,6,1741910970.4482694
54,63582,443,6,1741910970.4502974
54,63582,443,6,1741910970.451295
136,5353,5353,17,1741910970.965824
82,58430,1947,17,1741910971.0617244
336,65165,21027,17,1741910971.5883317
167,48007,1900,17,1741910971.8181562
83,56400,53,17,1741910971.8991141
346,68,67,17,1741910971.9100854
297,53,56400,17,1741910971.9170682
66,57091,80,6,1741910971.9188979
66,80,57091,6,1741910971.9199028
54,57091,80,6,1741910971.9208996
256,57091,80,6,1741910971.9218957
54,80,57091,6,1741910971.9228945
1514,80,57091,6,1741910971.9238927
1514,80,57091,6,1741910971.9238927
1514,80,57091,6,1741910971.9295855
1514,80,57091,6,1741910971.931586
1514,80,57091,6,1741910971.93358
1514,80,57091,6,1741910971.936343
1514,80,57091,6,1741910971.9373393
1514,80,57091,6,1741910971.9393303
1514,80,57091,6,1741910971.9413266
1514,80,57091,6,1741910971.9423242
54,57091,80,6,1741910971.943322
54,57091,80,6,1741910971.9446065
1514,80,57091,6,1741910971.9456675
1514,80,57091,6,1741910971.9480188
1514,80,57091,6,1741910971.9492357
1514,80,57091,6,1741910971.9527626
1514,80,57091,6,1741910971.9527626
1514,80,57091,6,1741910971.9527626
1514,80,57091,6,1741910971.9570384
1514,80,57091,6,1741910971.9580784
1514,80,57091,6,1741910971.9591787
1514,80,57091,6,1741910971.960534
1514,80,57091,6,1741910971.961537
1514,80,57091,6,1741910972.0049691
1514,80,57091,6,1741910972.006116
1514,80,57091,6,1741910972.0081394
1514,80,57091,6,1741910972.009407
66,57092,80,6,1741910972.0125031
66,80,57092,6,1741910972.013511
54,57092,80,6,1741910972.017083
250,57092,80,6,1741910972.0181417
54,80,57092,6,1741910972.019157
1514,80,57092,6,1741910972.0206323
1514,80,57092,6,1741910972.0247898
1514,80,57092,6,1741910972.0287788
1514,80,57092,6,1741910972.034763
1514,80,57092,6,1741910972.0357587
1514,80,57092,6,1741910972.036898
1514,80,57092,6,1741910972.0390248
1514,80,57092,6,1741910972.040375
1514,80,57092,6,1741910972.0426943
1514,80,57092,6,1741910972.0436988
54,57092,80,6,1741910972.0447373
1514,80,57092,6,1741910972.0457416
1514,80,57092,6,1741910972.0468273
1514,80,57092,6,1741910972.049078
1514,80,57092,6,1741910972.0510776
1514,80,57092,6,1741910972.0535054
1514,80,57092,6,1741910972.0545485
1514,80,57092,6,1741910972.0560226
1514,80,57092,6,1741910972.0570805
1514,80,57092,6,1741910972.0581355
1514,80,57092,6,1741910972.0591698
1514,80,57092,6,1741910972.061167
1514,80,57092,6,1741910972.0621881
1514,80,57092,6,1741910972.0633075
1514,80,57092,6,1741910972.0643137
1514,80,57092,6,1741910972.0666826
54,57092,80,6,1741910972.0683255
54,57092,80,6,1741910972.0683255
1514,80,57092,6,1741910972.0709975
1514,80,57092,6,1741910972.0720203
1514,80,57092,6,1741910972.0730677
1514,80,57092,6,1741910972.074255
1514,80,57092,6,1741910972.074255
1514,80,57092,6,1741910972.0765018
1514,80,57092,6,1741910972.0765018
1514,80,57092,6,1741910972.0765018
1514,80,57092,6,1741910972.0765018
1514,80,57092,6,1741910972.0812638
1514,80,57092,6,1741910972.083741
1514,80,57092,6,1741910972.0847526
1514,80,57092,6,1741910972.086918
1514,80,57092,6,1741910972.086918
1514,80,57092,6,1741910972.086918
1514,80,57092,6,1741910972.086918
167,48007,1900,17,1741910972.116447
205,5353,5353,17,1741910972.474302
103,5353,5353,17,1741910972.50005
103,5353,5353,17,1741910972.5129204
205,5353,5353,17,1741910972.7615345
103,5353,5353,17,1741910972.7844903
205,5353,5353,17,1741910972.9352672
418,63589,445,6,1741910973.0696082
298,445,63589,6,1741910973.071704
146,63589,445,6,1741910973.0773249
182,445,63589,6,1741910973.0793228
54,63589,445,6,1741910973.1156566
549,5353,5353,17,1741910973.1834779
60,443,63590,6,1741910973.250122
54,63590,443,6,1741910973.250122
103,5353,5353,17,1741910973.48861
55,63669,443,6,1741910973.7286727
66,443,63669,6,1741910973.7286727
129,5353,5353,17,1741910973.7286727
86,57621,57621,17,1741910973.8028657
136,5353,5353,17,1741910973.970769
60,443,63591,6,1741910974.0338342
54,63591,443,6,1741910974.0338342
288,5353,5353,17,1741910974.1817358
164,45770,1900,17,1741910974.399783
175,56736,1900,17,1741910974.476918
175,56728,1900,17,1741910974.4789143
103,5353,5353,17,1741910974.516813
82,58430,1947,17,1741910975.019516
66,57093,8886,6,1741910975.5332284
66,57094,8886,6,1741910975.5349526
66,57095,8886,6,1741910975.5360322
66,57096,8886,6,1741910975.537754
82,52421,53,17,1741910975.5387912
66,57098,8886,6,1741910975.540391
66,57097,8886,6,1741910975.5415924
66,57099,8886,6,1741910975.542594
66,57101,8886,6,1741910975.5435903
66,57100,8886,6,1741910975.5455856
66,57102,8886,6,1741910975.546858
70,0,0,1,1741910975.5485945
98,53,52421,17,1741910975.5515833
66,57103,8886,6,1741910975.5525806
66,57105,8886,6,1741910975.6071908
66,57104,8886,6,1741910975.6092236
66,57086,8886,6,1741910975.639131
66,57106,8886,6,1741910975.641132
66,57107,8886,6,1741910975.642128
66,57109,8886,6,1741910975.6431265
66,57108,8886,6,1741910975.6453862
129,5353,5353,17,1741910975.8085306
177,17500,17500,17,1741910975.9055355
177,17500,17500,17,1741910975.917502
177,17500,17500,17,1741910975.9185011
177,17500,17500,17,1741910975.9195
177,17500,17500,17,1741910975.9204974
177,17500,17500,17,1741910975.9214926
288,5353,5353,17,1741910976.1870546
55,53504,443,6,1741910976.358517
66,443,53504,6,1741910976.3595123
164,41490,1900,17,1741910976.4034727
66,57096,8886,6,1741910976.5336046
66,57094,8886,6,1741910976.5348382
66,57093,8886,6,1741910976.537257
66,57098,8886,6,1741910976.5383525
66,57097,8886,6,1741910976.5393572
66,57095,8886,6,1741910976.540481
66,57099,8886,6,1741910976.5415332
70,0,0,1,1741910976.5447686
66,57101,8886,6,1741910976.5499735
66,57100,8886,6,1741910976.5513341
66,57102,8886,6,1741910976.5523648
66,57103,8886,6,1741910976.5533624
60,443,63588,6,1741910976.5839224
54,63588,443,6,1741910976.5864563
66,57105,8886,6,1741910976.615382
66,57104,8886,6,1741910976.618482
66,57107,8886,6,1741910976.6484375
66,57106,8886,6,1741910976.6504323
66,57109,8886,6,1741910976.664192
66,57108,8886,6,1741910976.6665335
93,443,56964,6,1741910976.844653
124,56964,443,6,1741910976.855087
54,443,56964,6,1741910976.857115
129,5353,5353,17,1741910977.8086183
60,443,63592,6,1741910977.8665938
54,63592,443,6,1741910977.8665938
718,57067,443,6,1741910978.0282245
60,443,57067,6,1741910978.0302794
396,443,57067,6,1741910978.3120909
54,57067,443,6,1741910978.3653383
164,40262,1900,17,1741910978.404534
78,52421,53,17,1741910978.5162773
137,53,52421,17,1741910978.518826
66,57098,8886,6,1741910978.5454154
66,57095,8886,6,1741910978.5473766
66,57093,8886,6,1741910978.548374
66,57096,8886,6,1741910978.5493739
66,57094,8886,6,1741910978.5513697
66,57097,8886,6,1741910978.5523643
66,57099,8886,6,1741910978.5543575
70,0,0,1,1741910978.5553548
66,57101,8886,6,1741910978.5624452
66,57100,8886,6,1741910978.5634673
66,57102,8886,6,1741910978.564437
66,57103,8886,6,1741910978.5654335
213,58217,1900,17,1741910978.5865293
66,57105,8886,6,1741910978.631612
66,57104,8886,6,1741910978.6342576
66,57107,8886,6,1741910978.65034
66,57106,8886,6,1741910978.6513429
66,57109,8886,6,1741910978.6659527
66,57108,8886,6,1741910978.6669457
167,42044,1900,17,1741910979.169139
213,58217,1900,17,1741910979.5756536
167,56274,1900,17,1741910979.9303727
87,5353,5353,17,1741910979.9929538
288,5353,5353,17,1741910980.213033
213,58217,1900,17,1741910980.5869753
243,138,138,17,1741910980.7825313
167,42838,1900,17,1741910981.1646774
124,53438,443,6,1741910981.575556
60,443,53438,6,1741910981.575556
213,58217,1900,17,1741910981.593303
126,443,53438,6,1741910981.8233588
54,53438,443,6,1741910981.882134
